Dia;Hora;Temp Amb [ºC];Umidade [%];T1 [ºC];T2 [ºC];T3 [ºC];Isc [mA];Tensão [V];Corrente [mA]
25/10/2019;19:00;20.0;23.0;18.1875;19.0625;18.5625;0.4000000059604645;0.01600000075995922;0.0
